name,链接
"
                        囧妈
                        / 俄囧 / Lost in Russia
                    ",https://movie.douban.com/subject/30306570/
"
                        半个喜剧
                        / 如果，我不是我 / Almost a Comedy
                    ",https://movie.douban.com/subject/30269016/
"
                        1917
                        / 1917：逆战救兵(港) / 一九一七
                    ",https://movie.douban.com/subject/30252495/
"
                        小妇人
                        / 她们(台)
                    ",https://movie.douban.com/subject/26348103/
"
                        小丑
                        / 小丑起源电影：罗密欧 / Romeo
                    ",https://movie.douban.com/subject/27119724/
"
                        阳光普照
                        / A Sun
                    ",https://movie.douban.com/subject/30292777/
"
                        只有芸知道
                        / Only Cloud Knows
                    ",https://movie.douban.com/subject/33436135/
"
                        被光抓走的人
                        / Gone with the Light
                    ",https://movie.douban.com/subject/30394535/
"
                        82年生的金智英
                        / 82年生金智英 / Kim Ji-young, Born 1982
                    ",https://movie.douban.com/subject/30327842/
"
                        爱尔兰人
                        / 爱尔兰杀手(港) / 听说你刷房子了
                    ",https://movie.douban.com/subject/6981153/
